{"Level 5": {"DFASD7": 9.28283977508545, "ASDAS": 8.572237968444824}, "Introduction": {"ASDAS": 6.89936900138855}, "Collision testing": {"ASDAS": 3.9809629917144775}}